{
  "model_name": "next_goal_none_logistic_v1",
  "feature_order": [
    "minute",
    "minute_squared",
    "current_home_score",
    "current_away_score",
    "total_goals",
    "goal_difference",
    "is_draw",
    "time_since_last_goal",
    "red_cards_home",
    "red_cards_away"
  ],
  "scaler_mean": [
    54.59016393442623,
    3474.590163934426,
    0.47540983606557374,
    0.6721311475409836,
    1.1475409836065573,
    -0.19672131147540983,
    0.4918032786885246,
    23.63142076502732,
    0.0,
    0.03278688524590164
  ],
  "scaler_scale": [
    22.23744961876015,
    2193.4584741763492,
    0.5897083852001623,
    0.9360067163029636,
    1.157103018689921,
    1.0530155313279819,
    0.49993280924514444,
    20.552219265636765,
    1.0,
    0.17807836870820024
  ],
  "coefficients": [
    0.1566454196638803,
    0.6054460977310203,
    -0.08798002195725177,
    -0.17600154416183167,
    -0.18720993774496664,
    0.10717417490942142,
    -0.0681535489408135,
    0.3062818101798341,
    0.0,
    -0.39620285800196847
  ],
  "intercept": -1.510848064716447,
  "positive_class": 1,
  "target_name": "label_next_goal_none",
  "selected_split_seed": 1
}