{
  "model_name": "next_goal_none_logistic_v1",
  "selected_split_seed": 2,
  "train": {
    "rows": 54,
    "fixtures": 8,
    "positive_count": 3,
    "negative_count": 51,
    "positive_rate": 0.05555555555555555,
    "brier_score": 0.0037177256570336843,
    "log_loss": 0.028412127925025694,
    "roc_auc": 1.0,
    "accuracy": 1.0,
    "predicted_probability_mean": 0.05556656839163203,
    "baseline": {
      "constant_probability": 0.05555555555555555,
      "brier_score": 0.05246913580246911,
      "log_loss": 0.2145591551764051,
      "roc_auc": 0.5,
      "accuracy": 0.9444444444444444
    }
  },
  "validation": {
    "rows": 14,
    "fixtures": 2,
    "positive_count": 10,
    "negative_count": 4,
    "positive_rate": 0.7142857142857143,
    "brier_score": 0.7136680374995984,
    "log_loss": 5.569644110067591,
    "roc_auc": 0.8125,
    "accuracy": 0.2857142857142857,
    "predicted_probability_mean": 0.0003884043449080066,
    "baseline": {
      "constant_probability": 0.05555555555555555,
      "brier_score": 0.6380070546737212,
      "log_loss": 2.0808822310229607,
      "roc_auc": 0.5,
      "accuracy": 0.2857142857142857
    }
  },
  "test": {
    "rows": 14,
    "fixtures": 2,
    "positive_count": 3,
    "negative_count": 11,
    "positive_rate": 0.21428571428571427,
    "brier_score": 0.17881257623631464,
    "log_loss": 0.526192631921316,
    "roc_auc": 1.0,
    "accuracy": 0.7857142857142857,
    "predicted_probability_mean": 0.01938660582957901,
    "baseline": {
      "constant_probability": 0.05555555555555555,
      "brier_score": 0.1935626102292769,
      "log_loss": 0.6642755589948521,
      "roc_auc": 0.5,
      "accuracy": 0.7857142857142857
    }
  }
}