{
  "model_name": "next_goal_none_logistic_v1",
  "selected_split_seed": 0,
  "train": {
    "rows": 378,
    "fixtures": 54,
    "positive_count": 104,
    "negative_count": 274,
    "positive_rate": 0.2751322751322751,
    "brier_score": 0.1262300957770349,
    "log_loss": 0.39864278491299326,
    "roc_auc": 0.8683323975294779,
    "accuracy": 0.8359788359788359,
    "predicted_probability_mean": 0.2751143547340977,
    "baseline": {
      "constant_probability": 0.2751322751322751,
      "brier_score": 0.19943450631281318,
      "log_loss": 0.5882969610665877,
      "roc_auc": 0.5,
      "accuracy": 0.7248677248677249
    }
  },
  "validation": {
    "rows": 84,
    "fixtures": 12,
    "positive_count": 33,
    "negative_count": 51,
    "positive_rate": 0.39285714285714285,
    "brier_score": 0.31221710238486816,
    "log_loss": 1.0022697586288596,
    "roc_auc": 0.5288175876411171,
    "accuracy": 0.5952380952380952,
    "predicted_probability_mean": 0.24301293233654406,
    "baseline": {
      "constant_probability": 0.2751322751322751,
      "brier_score": 0.2523795526441029,
      "log_loss": 0.7023414206498629,
      "roc_auc": 0.5,
      "accuracy": 0.6071428571428571
    }
  },
  "test": {
    "rows": 75,
    "fixtures": 11,
    "positive_count": 12,
    "negative_count": 63,
    "positive_rate": 0.16,
    "brier_score": 0.16680531925217407,
    "log_loss": 0.5001115630282578,
    "roc_auc": 0.6865079365079365,
    "accuracy": 0.7466666666666667,
    "predicted_probability_mean": 0.2738544388616096,
    "baseline": {
      "constant_probability": 0.2751322751322751,
      "brier_score": 0.14765544077713388,
      "log_loss": 0.4767640423909891,
      "roc_auc": 0.5,
      "accuracy": 0.84
    }
  }
}