{
  "model_name": "next_goal_none_logistic_v1",
  "selected_split_seed": 1,
  "train": {
    "rows": 61,
    "fixtures": 9,
    "positive_count": 13,
    "negative_count": 48,
    "positive_rate": 0.21311475409836064,
    "brier_score": 0.14292741386565802,
    "log_loss": 0.44540395786756815,
    "roc_auc": 0.7596153846153847,
    "accuracy": 0.8032786885245902,
    "predicted_probability_mean": 0.21311483263510955,
    "baseline": {
      "constant_probability": 0.21311475409836064,
      "brier_score": 0.16769685568395587,
      "log_loss": 0.5180543531802172,
      "roc_auc": 0.5,
      "accuracy": 0.7868852459016393
    }
  },
  "validation": {
    "rows": 14,
    "fixtures": 2,
    "positive_count": 3,
    "negative_count": 11,
    "positive_rate": 0.21428571428571427,
    "brier_score": 0.21938745183816177,
    "log_loss": 0.6087960958253704,
    "roc_auc": 0.48484848484848486,
    "accuracy": 0.5714285714285714,
    "predicted_probability_mean": 0.3051752963211876,
    "baseline": {
      "constant_probability": 0.21311475409836064,
      "brier_score": 0.16836871808653583,
      "log_loss": 0.5195839218610678,
      "roc_auc": 0.5,
      "accuracy": 0.7857142857142857
    }
  },
  "test": {
    "rows": 14,
    "fixtures": 2,
    "positive_count": 3,
    "negative_count": 11,
    "positive_rate": 0.21428571428571427,
    "brier_score": 0.23425603466263098,
    "log_loss": 1.0899581854341762,
    "roc_auc": 0.09090909090909094,
    "accuracy": 0.7857142857142857,
    "predicted_probability_mean": 0.11430797229704567,
    "baseline": {
      "constant_probability": 0.21311475409836064,
      "brier_score": 0.16836871808653583,
      "log_loss": 0.5195839218610678,
      "roc_auc": 0.5,
      "accuracy": 0.7857142857142857
    }
  }
}