{
  "model_name": "next_goal_none_logistic_v1",
  "feature_order": [
    "minute",
    "minute_squared",
    "current_home_score",
    "current_away_score",
    "total_goals",
    "goal_difference",
    "is_draw",
    "time_since_last_goal",
    "red_cards_home",
    "red_cards_away"
  ],
  "scaler_mean": [
    54.72222222222222,
    3486.574074074074,
    0.6481481481481481,
    0.6481481481481481,
    1.2962962962962963,
    0.0,
    0.5370370370370371,
    22.482098765432088,
    0.0,
    0.037037037037037035
  ],
  "scaler_scale": [
    22.18225572694992,
    2189.8741770201545,
    0.5823772293894958,
    0.9058944302692598,
    1.1647544587789915,
    0.9813067629253163,
    0.4986263710309727,
    19.054668711641515,
    1.0,
    0.18885257457751053
  ],
  "coefficients": [
    0.3303018306358055,
    0.38688387479305353,
    1.2303439446714666,
    -0.28388846599540873,
    0.3943760970982016,
    0.9922455593337648,
    -0.3275238945083536,
    -0.2931293328207034,
    0.0,
    -0.11904252243751647
  ],
  "intercept": -5.398478489828874,
  "positive_class": 1,
  "target_name": "label_next_goal_none",
  "selected_split_seed": 2
}