{
  "model_name": "next_goal_none_logistic_v1",
  "feature_order": [
    "minute",
    "minute_squared",
    "current_home_score",
    "current_away_score",
    "total_goals",
    "goal_difference",
    "is_draw",
    "time_since_last_goal",
    "red_cards_home",
    "red_cards_away"
  ],
  "scaler_mean": [
    53.57142857142857,
    3382.1428571428573,
    0.6058201058201058,
    0.6402116402116402,
    1.246031746031746,
    -0.03439153439153439,
    0.47354497354497355,
    23.913095238095238,
    0.018518518518518517,
    0.0291005291005291
  ],
  "scaler_scale": [
    22.63282788250694,
    2218.739759964872,
    0.8518066634963056,
    0.7750555246687375,
    1.2172906071569816,
    1.0820235183765037,
    0.49929964107263675,
    18.860298383555282,
    0.13481684980149108,
    0.16808833483201133
  ],
  "coefficients": [
    0.6856698636530033,
    0.8023250545146314,
    -0.041444943702340115,
    0.0733128499469014,
    0.017677331969996882,
    -0.0851410408644944,
    -0.6617960206278142,
    -0.3069899021798572,
    -0.00728708726308883,
    -0.16842283526382484
  ],
  "intercept": -1.6508676224661423,
  "positive_class": 1,
  "target_name": "label_next_goal_none",
  "selected_split_seed": 0
}